path	size	sha256
__init__.py	90	cd895f7b42acd3e89c0203211e4a489e2bf97cc3c4d932fd18644423e50f166b
__main__.py	20095	b6e57b261ae91108708a476319a47581ae14fa3e48756fc2f90b9b7ca1c5a5e4
__startup__.py	629	13ab2d834010662c7c25b87e225c95c98d5f5d7195be15f7fd7fb6a773f074a9
accessibility.py	195148	2c65c64d40ff2cc110c1bcfd8518df37d6e7fd8e3212599e685e82a2f1b1800b
accessibility_fixes.py	18747	86150a1b396773c07150b004fd318a61dfee2b50803c6490709853f2173d4525
acroform.py	32644	e10959b8f7ad5416f747e7ccd6f0921bbe0e4da50f4e32823050deff96d319c1
afcalc.py	39761	ba603c4a06ad0579c58a7c9fa4ae11d7c2679ff429cd7231b27cbd6b4ad14c98
afemit.py	15340	532ad65744af4031eb2e1d1a53df0656576bfa3ff4e867bb71781f2d46066036
afscript.py	11060	cf256e44f4f8a582775b9c51449f28da23f01c8cdb40119ca035928488007187
annotations.py	10807	4a57d57034f161ad56e436f11de1f8aff62c41902efb5a74d760d378e54d1b2b
attachments.py	4027	f4680b0162089104ff253e81467912443bd7f56c72a6190d3e0c3a3888864538
autotag.py	14600	dba675747754a7555decc8f19fc1daa3584cb798f58af2314cded1368c203bde
batch_ocr.py	42113	9850cbf92f082349ccdeec1860fc485b9614c3a17cfdb875c306c9d24a9e7d25
bezier.py	4483	13ee483be103be2dcb4fedc3ba00be6ff47a9e4afc2a04ab7e8b4439147b9f77
bidi.py	25322	7b28077d514aa996f1858b1a73557e039ecb9afc5d9ff8564c714f49f422f9e2
budget.py	5900	8184c44de8a23a26440bcc9e8f780f06d0170fbddfc556eaac16bde9d332033a
catalog_carry.py	12590	c2e27c5835ec82e18fd2b70958b9ff3a4d95c3511a548313ac2c5db8ac23b2db
check.py	10966	a74dd55be16e4bb643597b7e526d7aed79ad183400cdd45b1f0a5574cb4c4f62
clause_map.py	10692	6ae538436ebed4b5d185db6d91088510007e2e534e3a451301b2536629d979a5
codec_taint.py	48442	1182f7dfe4e68c2b90c8af66598a6bbbc0c9f4b800d697cc586e13d2baa6f37e
color_spaces.py	27970	252d805b96c44cb210276dce948a0027cdd9c6a0e03069508880e235655a6642
comment_summary.py	49834	3d9dc04b0f3f0993424dc3b6051ca54dc3e22ff8cac89ba3be13c900fb0335d6
compare.py	30448	1484dcafaf45456e0de9c60bf9e60e8745a83e24568465059be0dc5624b6d4ae
compress.py	8657	611f62ea9364339427dcd937300a0ff2aaed0873ce3ffebd476b4bad1a86f97d
content_crop.py	12053	68de339265868ac814075290f79c3d010586b7ae2366860ebf8bfb3d361df63d
content_walk.py	19421	f1391d9aa8df7d57f280f14693568124873db0225ecffafeb562e898a97cb7c4
contrast.py	6037	4bea22763e31d040e426f357767e193e404d5ab26aa6d08acdea663f0ee7c585
create_pdf.py	33434	bc146244a5239fd45d3063f01ee453874f527298cdfa7da182a3cf689d5e80ee
create_pdf_folders.py	10767	298afbc1fd5156a25b3bf1baac1e06c00f7082c6abc715a588dab9f655bc7789
csc.py	36614	510c773a61ee236ade3fa4bfebc055df852c2a33b2c2ca93757d177107f20252
csc_signer.py	18154	6dc6a147b46fbee793705d7186d3754f289c8737cd900ccf24badc3fc4bf59f5
delete.py	1570	aee85242480d20982433f73e16401ad01a10767ac0d779c16f506ca26c68112a
derived_nav.py	17952	357e062338c948c0ef3239ccaae26547a3fa523b3ae8befa8ba2c30d698950cb
distill.py	10345	a201306ea1eda22b89e1ef0a69c19723890f343d24b4be7a3a533031354b29bf
doc_properties.py	44228	ab6ec8eab90f2192b267b045097b79fea006540919b7bcb15f084c318c76c514
docmdp.py	4077	dac63294db1dbb8c3eb6c42faccaabe6d0b441e6d0287d95b6ca7774ff132c62
docmdp_policy.py	22362	39284e30159277d060ab57ef819e0571ffc0194d129b6e5f2417bc09597e11c7
document_health.py	43087	d137854379833608d4a5767cbaa40bb420949a7898c44dbded723bf318ed015d
document_js.py	13203	92fa5958b0aee1b420a2e69f518d96fc8e4840e2c0c5a8d87fd84dec737f611a
encrypt.py	6224	87054f6874cfa849194bd79fcf6c668b8535c21706891183fb81cd1751479bcd
enhance_scan.py	39067	509a7247cb56e5ac4e5bef81ed18ff286473304b5532127a8f2815fd996520be
eutl.py	4518	3bb605021b77e576f3443d58de00b2f32e7d33aed1ebb421e4ceeaf4ccacb59b
extract_text.py	8814	a0e64f9d7c766e8495fb36b06493af56a8eb241f3d6427bc3714af0ca0170a48
fieldactions.py	22245	8b0498c6b6d086f78676e5254dbab27c9fbd5cff8afa569487844d1442a29be2
fieldmdp.py	9312	f90d7b68dcdc211d591cbb7a698ccd878f7425bb54a06b69d8d0239268606e33
flattener.py	53909	a0c7c8ecbc67b182676aa27138ad254af8be2d0ea5a7b347d4375a006d5ab651
font_embed.py	26878	2b24985ac95ab44dd02f0dbd2d8ac722058ce4fd1081d39859d9331fad49cfaa
font_embedding.py	3460	a1e9836317c464ee15a322bdb44b3acd8f306ab45766d93b10d94bdbb1d0579c
font_fallback.py	43277	221f127ad86fba998472584bc8f1cae05e17d3eb81d625ac1b9f73edf4002818
font_features.py	6817	ab9a1f3b4be144227ec5ff4f5e116d734c169a220c9213836298fe258ff822e9
font_inventory.py	16529	b3d845c9676f5cb7ce6e66e896d062521c7a65e702d9adfbc3e905d86ed0e617
font_kerning.py	17203	7bf657b668fcd605d0d4d31390d328f82f875670fe7d1e641f61b22e8982fb42
form_authoring.py	64801	dffc5a29de90361849cc189e72a4e7fc2caa27f20d09fc35c810ac3ff8adf68e
form_detect.py	48669	58605044f86fdd582cb43476947ab9bf576f492875333870cffe410231adab99
form_detect_vocab.py	3090	efce96b38edc097e03be267d7ddfe445e9c93ae87d1df73f9242837651238f84
form_prepare.py	8036	bcd3d792bb63e86aa7d0fc9f4680766774e8770339d6ace71400ecbfe5a3fc75
formdata.py	21411	fb153f4f2566a42e0442edaac96cc0c623132863686fdb7ff6c1f8e4e22a2b68
forms.py	124799	4b038f540a056c5dc43d409dd1889b2067c276836752c7f7848afdcb7b7ed97e
fs_names.py	2352	23071d838cc45615bfde1dd5aa0701cd63d3e0e1bced9184e4f48b8780b892f7
glyph_outlines.py	28120	a0e006eb03cab8478569a70d692534650328681ca6c277926c38c8c5d2faab5a
grayscale.py	4551	beba37fa31495cfb1da1b70be5195d3ddfb23ae6df044edd24cdb00973e65a7f
gs_capability.py	16224	6263d02cecbc3d8b74a7c23bbf6280b4c0768fecd60862e76d832ca269ee24d4
guided_actions.py	43533	715eef5df05ad8144397e66e6f50af59cd5badad06aa8f9d10058d6d827a1f45
hairlines.py	26363	6cdb88ad846fccdb8cfabf8dbad5129623673a5d3cc3a71aa44c6b608e9ae51d
headers.py	14514	3ca598e290235d6e2bb0484d0581cacd6af166760fb21120b0d8a98e61ed6083
icc_profiles.py	15754	b8885921d5e1b918986b83e0d9105b49e1489c79803fe5f2fc0c20d31bca998f
image_export.py	6578	2a98d22a8aeb1c2a22d87f596ddc4892b83e400b1feb6cec1f4bf6238c147b72
image_redact.py	78429	17c2b5f20402c823195b10130f7e91bb145b0625ce6e4c9d7816e28ec132fe6d
image_resolution.py	6222	654fa9e2bba5c2c737fdc73b5089f97cc6945be04be502c47101cb11d85fe555
incremental.py	73488	ddddf315585d4a71e2d7cfaa7888e38a8c51c67ab506e56ed7f40154599812fb
ink_manager.py	40152	ff37a3df584643f096d49949c48931bd75d9f6c2761cebdf2e303b436e8f9957
inplace.py	5521	0d8ec80a878949d97211180cacbd79c85856062e577704b2e6fb657e41ca351c
inspect.py	2896	5e61e2072fac2f30402c1142051827f9b56f9f833a52fb77c975eb43cbf7c46c
ipc.py	5138	80171e9517f9794c0fd70103c6658b07c98e5be0e883da1409fbab96a4b49e16
layers.py	8391	58e76f693399c88b240612e8cc570c116fecdf1af87db492125bc99ca10e9230
links.py	35010	cb09c50cc2b68a7ab305e9b6b2e1905cde6d4baf93267666ba543391e07e8b53
merge.py	3365	fa6f3fe02d2ad96ebd07362a15faddb260d2a388f3c8f202f7f457683174aaf6
metadata.py	11188	a8b6eba5ba2358b83d1f8968359828a2a0fb96ea8b6ff345b15d6a559ae7708d
mrc.py	55711	e402662322c46eb869cba27f3cc875674df5d2517ad9546604a0cc7c46e6e6fa
mrc_codecs.py	53140	23efbaad50b40eef5fd89ab204a5d52f074afa45e56c7d0e9cd7548b75960e94
mrc_verify.py	5360	7dfa0d8338b3e713598016542c6023775fd642c65e305b7bf81300a402d3a459
msctl.py	8266	f26318f27564e76f7650891deb5b3ff0c7f19266ab090f03bd4ce46d1cfe9d48
object_inspector.py	44604	9d11da0ea1da507a27033b32361fbe0d008a637cb02707c09e8c5cf59368bc09
ocr_layer.py	8715	fd50de71ae58de5e6f3cdd4a53e7ed775a596fa0971bf55bd178bbc872c0e939
office_export.py	11710	a7facd47f414a597c218a71fa4a887a1d76415450ecdd9c74b819341dd9146e9
optimize.py	2612	7cc05ace2d78fc7e1d03d4f12a12a0ac0387afe17c0fc1a70ad8ced941ad25ec
optional_content.py	27876	0ec62ef69509a3766e27bcfbdbb8dcbf205cb696209aaf20c714fa0bbe57bc03
os_trust.py	3485	a4f413badeb459e593d5644bb0218ce0b5f7ed6dc8f145c2086bd11d6879451f
outline.py	12436	f8bbf60fd3318a77b31a9d16c48b8d7c9097b01dc8b11a8287a5c80a49aa5f20
outlines.py	33826	bd70cc00d9b5e5742724fe5485d8b6a973ab373ad343339fc035d102f59a23c9
output_intents.py	6841	d8560b4ed827451c29e6b4bfebf90d15990bd04c73a336981e40c7aa9a8a08f5
overprint.py	15622	f6c56a2fcee178e2726e7e33f4c5c5d05956749c2f8ac4fb8f9a76781cd6509e
page_boxes.py	4532	c622c0a2b677dbdbf65ee730af8e98c128493aaddc6854e47afbc35b87a7f7a6
page_copy.py	9781	6fda1ff6f9316687e7c2653992208613a306f107a65ef0f4989868a3aefda763
page_images.py	99823	ca6be6fe51f724bcf1c21a08943b3bcb7abe0ef5c4980e75a6bad4aebd196c07
page_labels.py	10399	692a2e4bf971dc022d7815d727ff96eaf8f8138bd9b3a661a70b9c5687e9064c
page_vectors.py	58150	1de54b85b2e8928ac48587c34aba69b119b77ba6bdfce7ce59b61b4076a10db7
pdf_fonts.py	90954	5bb682b6231f045cb60f27d0816e6af63ebe5e598e0a3bd95f242bf59680623f
pdf_metrics.py	3749	e5596eb958f28aa2335127e0bb450ab76b7945594b912bd66bc985bc82e802fe
pdf_save.py	19928	c0c97c5174272399db78e6dfa9d4d7d1d03bba852e1af091536765a5d8c40fef
pdf_tree.py	8251	fb7b2c59d59405edc225e40bcd7478fdb7e637ca5e9f0a89876855706755e41c
pdf_version.py	9311	5f935e7915a242c76d27957fdcd97bf7cb0bcd381640971cd546de8f1e73cfc2
pdfa.py	8494	d4df7f29739ec330b7e4b91776746de5dc0b892eac97e5545ccc72d88a19ea91
portfolio.py	8211	280dac596cfc8c7d6e88b8aff016329cac70950e808a96778a1427ac0f050985
preflight.py	85094	550a4b2d6c49003c165aa7855f8f7acf941e71521746df3510c3164941edec01
preflight_fixups.py	29179	0506f02e5c84e3439cccb0415c429339adc0353203581af815a8c5c2115e037c
preflight_profiles.py	33575	182ad31c416b97e1693164f8d19b13254a0e0355b62cf4399859d7f246a6fb8b
preflight_sweep.py	13370	83184336972c5f4709e96f1542b75e3143160cf7125a83d50dfad9e2d3e5d8d2
prepress.py	47059	4e2951f31bf67cd554e8ddf1c2e12d5d476f6707aa6513b26b0f7478a7864277
print_layout.py	24624	8590af04acc00386e09d376da2a369cd72903eac950b8c21d4890d73a2791d6a
printer.py	32095	6b1a90305c35ae080f05780f8c4f752d358f2073cbf44815dc02595f52b1331f
printer_marks.py	35655	0faf2c6f963433119ee1df81965fbe93b0660c73f80377d0e7a583ca39c4a37a
processing_steps.py	25851	f185094c4c2d92af9d38dc4c86a850cd2c0b1e5b23d5a43d7d6794e86567a9a6
pubkey_crypt.py	7210	4ea848087947f3c196952003309b01634bb644f8125520174e0f9992afe70c70
read_aloud.py	17273	245abf275f8436183ac04e6d37aa85c46b8f7b8f95e7c95b0dd3fb962b9bbcc7
rebuild.py	4234	aeb05962f73e98ee74d8c0a01983254cf5689194107b783c2b5f57069c9c50cb
recognize.py	17186	39d3b22dc5c2fc63fb7b3ad00ae5c84506870e2756f806d761af26ce9567cdf0
recover.py	6428	6771ac767aeb3807aa68ba8f060661ea37c14cc183542924db086219b96f966a
redact.py	77232	1bc772b7e1b5191f3fd892ad33fe801491ca16e5d963a53d1b24395630f0e31c
redact_document.py	26467	2a398c644dce91944841ed7065e60bfaf1034c19f4cd0046aea3385682fc7211
redact_fonts.py	108433	c21740f6942fbe48863d228d4692c291792aaa4c47d4640773249b095612ba82
redact_geometry.py	7754	7edefb3a1aefb38e60abfee23bf8d3050e15e18f5c2927108e532b2b420110ac
redact_marks.py	13859	990575e5365fc36095581f75e6b1bde5e25e9a5f2c16af8991730008d7750896
repair.py	3241	6a92d868794a136af63d7dcef646a6a3c8a316c28fec8e70c565e132ec120bcc
reversion.py	7396	6fa165726b1def4afbed16199e2884ad5a24f42b485545ea743dfd61ad48d757
rotate.py	1331	a27ff3bdcdb9fbd60561243b56be1da3534ba220ac59ca797072c16c23848346
rtl_text.py	8802	8f919aa7be551de2cb7484ee19c5cf5b442405c8874fc3bc62f26d0b64e99c5d
sanitize.py	48295	df3ec0d268946a190948a3f2699bd64cca45f371965034d881c0704bad1fa0ac
sanitize_content.py	48476	e5a6519a7085e31d3cf8b50d3788d2bc5e6ecfebec3224c8b814eefbac893bdd
search_in_files.py	4701	9b0c383fef82ea1615e78cabc479dd2881c137d722bd7638e155aec3fa4ac98d
search_redact.py	5264	27c96466d7b3726271c634960506dbefeecd93fe8cedc6c0fd6b0b051f05e397
search_regions.py	25095	ddb59846fd0e017eb94e57d6fbf74e1aeab190a95c16a846339c6c3e617513b8
separations.py	68397	6eae2ab7a3f1f1175a2b3d44ed533b894eaf83cd3021b1d11823d321733adbdd
shaping.py	23493	294c719804e666dec08e719842999d1168a9e8b3c3c2e334349e62a22b0210ef
signature_size.py	1523	638cd220635212565d43508a737129c0c1ee90720219a645a1da875e6e03d7f6
signatures.py	85548	bed140621f3d00b9a61a54ccf5acf78fa3485916af361ed3889acda80334b968
slide_export.py	14441	eb6e26c4c91f668edb70541c6662b5393897faf0a6638eb5881a3c0d815adf73
soffice.py	26761	5cf0ef8cfcde80836ba3717a134924f93e2dcffa9ba84150b48e53250942dc51
soft_proof.py	29027	8a513d64d53da88c5e5484e730dfe245bc6143e09f6d2c0f22ecda76dfa72b9d
space_audit.py	22277	c49337e51033943e523e07953a7379774eacc67d2b63ccb73083294f3585300c
spelling.py	39348	87e817118682b1b4c907453c47928550bcae0cbc04141f507e6401fe890683d8
split.py	19582	cc3c2ae3a41442ab28a7030f066e70ae3a78c770b1ae1ec9b0d911691dcd9792
stamp_appearance.py	33685	8a9bc8ae618e9f9f7e14ea6521b69fe121d902710cf69c7fcb8cb70930adadcc
standards_report.py	24680	c254a31ac88c49625a54ccda69922fbfdd3199194085815ef396623399bb68da
stroke_outline.py	14078	19a90ee4485a3a7cd4e77535892618d1d99ffd4e839ba387e98b6faccafb6ea2
struct_audit.py	23996	6bb97c117b4a5bee078d4a7a67c609efb826cece8f56498b9f12554387cb46fa
struct_fix.py	4011	3ca35ed5ce24e773dacaaf374742a52c52a85d39bfe1ef6a8a1133a25ee57365
struct_nesting.py	22647	fe1544c0673baec065a21267b72954fcaa727740d224e483df20b0d2c5f0433f
struct_tree.py	22344	8a171ce1d16a7d02454bc4841f9fd27800a593e246afe7de4f2b8359349775ca
svg_pdf.py	52325	6177941dc8e91839ad0a98eea42423bebe38c04c3d4207e43123f75c43ee9c3f
system_fonts.py	9335	4f1715a149de9e0a945e4afbf6f62f76ade7d09ea2c6b0f6c0a15a00f191791a
table_export.py	37608	54c727ea49c987c42496da159efc484d7c8a357200826a0fcb8f0ae254b01bc9
tag_content.py	21260	3da67006e216431a3d96dda27a6c995c71fd21e56f6b9ff583b787aa60ef6c86
takeoff.py	5239	82f1c734ab19b48dc379efb8901fdb1e84390d80c8a577db26bd086988d5390a
text_authoring.py	82411	2d6d3ee9547cdbce293e61162a80056c5be1bd073b74cc80313130879a69d90b
text_export.py	5012	838faea729554fde38e908c9d7d0999bcbbe9a8ebc641e3effd59838a770964a
text_match.py	23383	80bd9d9701aa1de6ac6f7c3b1720b2eb8af24d148cc5f5b8212d6eba864b78dc
text_metrics.py	24880	1af52e927dd947cfc82f89ec5d38b1c30c1c5aada43ec6cb12ea30a5e73abd90
text_paragraphs.py	289571	ff3f61100304084b42290216fad7896df2f76abb31eb4b9c00e1680dd283646d
text_runs.py	51103	493b28ceb5cdc707bf587ade8f4cda97500517e68221d2c1503627bab121a2b3
threads.py	9731	3d9a56e524e6134ea08c9529b5d5c096cc5ac2a396878f18ce687eece2c28f9b
trapping.py	25997	83221abead0e053677f2473f8ec26d67a47dcc99472a4d657dc47e279db290e6
trust/eutl-certificates.tsv	219954	0c8d852310367074adb521f013f49972444fb58a4e22696b71fd1e2308d28e10
trust/eutl-lotl-signers.pem	3053	04c3723b4d92922fa6ebc955c22b2d7df6b7f12ef318c9866891e567e510f6c7
trust/eutl-manifest.json	15451	00ffcbefffb1b739dd69f08c839a304777f3ebb1176889bb92348deee28537cc
trust/eutl-signers.pem	2159165	c39a53a4ed42fe189851663eb9d9b7df9cd5f326f69cbf107f2e5965fe23e560
trust/eutl-timestamp.pem	2591741	514da17212c4be7e210723631e95c70ce1b45fcb031d710a02d3d4086cff867e
trust/msctl/msctl-certificates.tsv	23532	a47dcdf1217f6f197422190e1cd1100b459a911f8add1a2fb87906bb85c263b5
trust/msctl/msctl-constraints.json	24004	7eebdf4bb7f531519278086e17441aa7041529f53db1d051d61264d43a42c73c
trust/msctl/msctl-ctl-signers.pem	2468	666404eacb5e4163c9071136525f5976134fc85ea57fb6e9c4951d7578f06289
trust/msctl/msctl-manifest.json	1475	56e6e88fd9db866221c3c8cd010771edafd87e71fefac021c0d0929886fd5526
trust/msctl/msctl-signers.pem	389185	050f1fc9207daff1aa34b353c64cc09876ad86ce41f110a8dd3c1677ea76c570
trust/msctl/msctl-timestamp.pem	275800	2b5ce94ccb6cf7f04d29429dc73cdb37beb23cc9341eac8ff769267b80045953
validate.py	1668	38ca7c2408a094cc861a8ed0168e8f44f12e53479e3b58ea3b6642ae336ed602
vector_redact.py	15434	3d3b60fb75461882b300d6cd9b3e66549ea66f76a24d6c4ee4e4b5480d3a2e7f
vertical_text.py	9161	284aba71d7ac06f83609b8757570fe01986c51f822df80c95b5e8c8b8bcc2b17
watermark.py	49551	80fb176c52174f2ded179d28f37cc8789fbd5294bd0ec6425be5cc4c674f59c7
widget_faces.py	14822	e643c8084527c27ff67b7950e5a3270fd05bcaad18c64722edea162ab3ffd1a1
wincert.py	22706	7c0a6a2d89f06ac3ebbad5889ade191114d77f4f389753ed10aad18116565df2
xfa.py	36176	b2b5b9d75f825ca642ee47e54e33c7a7f4513285c42474da9d551348e93d5b5b
xfa_datasets.py	20930	4d31b1813005a368a2e2b4ac60e8f3ec7f313d77f337ffec850c790873447ed1
xfdf.py	34273	58e84b4b3cb5f2e59bc8cd3305c9f7392c351a3d407952f11c88c74c640301a5
