package	notices
aom	aom
at-spi2-core	spdx/LGPL-2.1-or-later.txt
avahi	spdx/LGPL-2.1-or-later.txt
brotli	brotli
bubblewrap	spdx/LGPL-2.1-or-later.txt
bzip2	bzip2
cairo	spdx/LGPL-2.1-only.txt,spdx/MPL-1.1.txt
curl	curl
dav1d	dav1d
dbus	dbus,spdx/GPL-2.0-or-later.txt
dconf	spdx/LGPL-2.1-or-later.txt
duktape	duktape
e2fsprogs	spdx/GPL-2.0-only.txt,spdx/LGPL-2.0-only.txt
enchant	spdx/LGPL-2.1-or-later.txt
expat	expat
fontconfig	fontconfig
freetype2	freetype2,spdx/GPL-2.0-or-later.txt
fribidi	spdx/LGPL-2.1-or-later.txt
gdk-pixbuf2	spdx/LGPL-2.0-or-later.txt
ghostscript	ghostscript,spdx/AGPL-3.0-or-later.txt
glib-networking	spdx/LGPL-2.1-or-later.txt
glib2	spdx/LGPL-2.1-or-later.txt
glibc	spdx/GPL-2.0-or-later.txt,spdx/LGPL-2.1-or-later.txt
glycin	spdx/MPL-2.0.txt,spdx/LGPL-2.1-or-later.txt
gmp	spdx/GPL-2.0-or-later.txt,spdx/LGPL-3.0-or-later.txt
gnutls	spdx/GPL-3.0-or-later.txt,spdx/LGPL-2.1-or-later.txt
graphene	graphene
graphite	graphite,spdx/LGPL-2.1-or-later.txt,spdx/MPL-2.0.txt,spdx/GPL-2.0-or-later.txt
gsettings-desktop-schemas	spdx/LGPL-2.1-or-later.txt
gsettings-system-schemas	spdx/LGPL-2.1-or-later.txt
gssdp	spdx/LGPL-2.1-or-later.txt
gst-plugins-bad-libs	spdx/LGPL-2.1-or-later.txt
gst-plugins-base-libs	spdx/LGPL-2.1-or-later.txt
gstreamer	spdx/LGPL-2.1-or-later.txt
gtk3	spdx/LGPL-2.1-or-later.txt
gupnp	spdx/LGPL-2.1-or-later.txt
gupnp-igd	spdx/LGPL-2.1-or-later.txt
harfbuzz	harfbuzz
harfbuzz-icu	harfbuzz-icu
hidapi	hidapi
highway	highway,spdx/Apache-2.0.txt
hyphen	hyphen,spdx/GPL-2.0-only.txt,spdx/LGPL-2.1-or-later.txt,spdx/MPL-1.1.txt
icu	icu
ijs	spdx/AGPL-3.0-or-later.txt
jbig2dec	spdx/GPL-3.0-only.txt
jbigkit	spdx/GPL-2.0-or-later.txt
json-glib	spdx/LGPL-2.1-or-later.txt
keyutils	spdx/GPL-2.0-or-later.txt,spdx/LGPL-2.1-or-later.txt
krb5	krb5
lcms2	lcms2
leancrypto	leancrypto,spdx/GPL-2.0-or-later.txt
libatomic	libatomic,spdx/GPL-3.0-or-later.txt,spdx/GFDL-1.3-or-later.txt
libavif	libavif
libayatana-appindicator	spdx/GPL-3.0-only.txt
libcap	libcap,spdx/GPL-2.0-only.txt
libcloudproviders	spdx/LGPL-3.0-or-later.txt
libcups	libcups,spdx/Apache-2.0.txt
libdatrie	spdx/LGPL-2.1-or-later.txt
libdbusmenu-glib	spdx/LGPL-2.1-only.txt,spdx/LGPL-3.0-only.txt
libdbusmenu-gtk3	spdx/LGPL-2.1-only.txt,spdx/LGPL-3.0-only.txt
libde265	spdx/LGPL-3.0-or-later.txt
libdeflate	libdeflate
libdrm	libdrm
libedit	libedit
libelf	spdx/GPL-2.0-or-later.txt,spdx/LGPL-3.0-or-later.txt
libepoxy	libepoxy
libevdev	libevdev
libffi	libffi
libgcc	libgcc,spdx/GPL-3.0-or-later.txt,spdx/GFDL-1.3-or-later.txt
libgcrypt	libgcrypt,spdx/GPL-2.0-only.txt,spdx/GPL-2.0-or-later.txt,spdx/LGPL-2.0-or-later.txt,spdx/LGPL-2.1-or-later.txt
libglvnd	libglvnd
libgpg-error	libgpg-error,spdx/LGPL-2.1-or-later.txt,spdx/GPL-2.0-or-later.txt
libgudev	spdx/LGPL-2.1-or-later.txt
libheif	spdx/LGPL-3.0-or-later.txt
libice	libice
libidn	spdx/GPL-3.0-only.txt,spdx/LGPL-2.1-only.txt
libidn2	spdx/GPL-2.0-only.txt,spdx/LGPL-3.0-only.txt
libjpeg-turbo	libjpeg-turbo
libjxl	libjxl
libmanette	spdx/LGPL-2.1-or-later.txt
libnghttp2	libnghttp2
libnghttp3	libnghttp3
libngtcp2	libngtcp2
libnice	spdx/MPL-1.1.txt,spdx/LGPL-2.1-only.txt
libp11-kit	libp11-kit
libpaper	libpaper,spdx/LGPL-2.1-or-later.txt,spdx/GPL-3.0-or-later.txt,spdx/LGPL-2.0-or-later.txt,spdx/FSFAP.txt
libpciaccess	libpciaccess
libpng	libpng
libproxy	spdx/LGPL-2.1-or-later.txt
libpsl	libpsl
librsvg	spdx/LGPL-2.1-or-later.txt
libseccomp	spdx/LGPL-2.1-only.txt
libsecret	spdx/LGPL-2.1-or-later.txt
libsm	libsm
libsoup3	spdx/LGPL-2.0-or-later.txt
libssh2	libssh2
libstdc++	libstdc++,spdx/GPL-3.0-or-later.txt,spdx/GFDL-1.3-or-later.txt
libtasn1	libtasn1,spdx/GPL-3.0-or-later.txt,spdx/LGPL-2.1-or-later.txt,spdx/GFDL-1.3-or-later.txt
libthai	spdx/LGPL-2.1-or-later.txt
libtiff	libtiff
libunistring	spdx/GPL-2.0-or-later.txt,spdx/LGPL-3.0-or-later.txt
libunwind	libunwind
libusb	spdx/LGPL-2.1-or-later.txt
libva	libva
libwebp	libwebp
libx11	libx11
libxau	libxau
libxcb	libxcb
libxcomposite	libxcomposite
libxcrypt	spdx/LGPL-2.1-only.txt
libxcursor	libxcursor
libxdamage	libxdamage
libxdmcp	libxdmcp
libxext	libxext
libxfixes	libxfixes
libxi	libxi
libxinerama	libxinerama
libxkbcommon	libxkbcommon
libxkbcommon-x11	libxkbcommon-x11
libxml2	libxml2
libxrandr	libxrandr
libxrender	libxrender
libxshmfence	libxshmfence
libxslt	libxslt
libxt	libxt
libxtst	libxtst
libxv	libxv
libxxf86vm	libxxf86vm
libyuv	libyuv
llvm-libs	llvm-libs,spdx/Apache-2.0.txt
lm_sensors	spdx/GPL-2.0-only.txt,spdx/LGPL-2.1-only.txt
mesa	mesa
ncurses	ncurses
nettle	spdx/LGPL-3.0-or-later.txt,spdx/GPL-2.0-or-later.txt
openh264	openh264
openjpeg2	openjpeg2
openssl	openssl,spdx/Apache-2.0.txt
orc	orc
pango	spdx/LGPL-2.0-or-later.txt
pciutils	spdx/GPL-2.0-only.txt
pcre2	pcre2
pixman	pixman
poppler-data	poppler-data,spdx/GPL-2.0-only.txt,spdx/GPL-3.0-only.txt
rav1e	rav1e
shared-mime-info	spdx/GPL-2.0-or-later.txt
spirv-tools	spdx/Apache-2.0.txt
sqlite	sqlite
svt-av1	svt-av1
systemd-libs	spdx/LGPL-2.1-or-later.txt,spdx/CC0-1.0.txt,spdx/GPL-2.0-or-later.txt
tinysparql	spdx/GPL-2.0-or-later.txt
tpm2-tss	tpm2-tss
tzdata	tzdata
util-linux-libs	util-linux-libs,spdx/GPL-2.0-only.txt,spdx/GPL-2.0-or-later.txt,spdx/GPL-3.0-or-later.txt,spdx/LGPL-2.1-or-later.txt
vmaf	vmaf
vulkan-icd-loader	spdx/Apache-2.0.txt
wayland	wayland
webkit2gtk-4.1	webkit2gtk-4.1,spdx/GPL-2.0-or-later.txt,spdx/Apache-2.0.txt,spdx/BSL-1.0.txt,spdx/GPL-2.0-only.txt,spdx/GPL-3.0-only.txt,spdx/GPL-3.0-or-later.txt,spdx/LGPL-2.1-only.txt,spdx/LGPL-2.1-or-later.txt,spdx/MPL-1.1.txt,spdx/MPL-2.0.txt
x264	spdx/GPL-2.0-only.txt
x265	spdx/GPL-2.0-or-later.txt
xdg-dbus-proxy	spdx/LGPL-2.1-or-later.txt
xkeyboard-config	xkeyboard-config
xz	xz,spdx/GPL-2.0-or-later.txt,spdx/LGPL-2.1-or-later.txt
zlib	zlib
zstd	zstd,spdx/GPL-2.0-only.txt
